Price_Category,Car_Name,Actual_Price,Mileage,Engine,Seating_Capacity,Image_URL,Car_type,overview,overview_clean,Price_Num
Price_Category,Car_Name,Actual_Price,Mileage,Engine,Seating_Capacity,Image_URL,Custom,Price_Category Car_Name Actual_Price Mileage Engine Seating_Capacity Custom,price category car name actual price mileage engine seating capacity custom,0.0
1 - 5 Lakh,Maruti Wagon R,499000,25.19 kmpl,1197 cc,5 seater,https://www.autovista.in/assets/product_images/gallery/new-wagonR-side.jpg,Petrol/Diesel,1 - 5 Lakh Maruti Wagon R 499000 25.19 kmpl 1197 cc 5 seater Petrol/Diesel,1 5 lakh maruti wagon r 499000 25 19 kmpl 1197 cc 5 seater petrol diesel,499000.0
1 - 5 Lakh,Tata Tiago,457000,19.01 kmpl,1199 cc,5 seater,https://wallpaperaccess.com/full/9236590.jpg,Petrol/Diesel,1 - 5 Lakh Tata Tiago 457000 19.01 kmpl 1199 cc 5 seater Petrol/Diesel,1 5 lakh tata tiago 457000 19 01 kmpl 1199 cc 5 seater petrol diesel,457000.0
1 - 5 Lakh,Maruti Alto K10,370000,24.9 kmpl,998 cc,5 seater,https://www.financialexpress.com/wp-content/uploads/2025/02/Maruti-Alto-K10.jpg?resize=300,Petrol/Diesel,1 - 5 Lakh Maruti Alto K10 370000 24.9 kmpl 998 cc 5 seater Petrol/Diesel,1 5 lakh maruti alto k10 370000 24 9 kmpl 998 cc 5 seater petrol diesel,370000.0
1 - 5 Lakh,Maruti S-Presso,350000,25.3 kmpl,998 cc,5 seater,https://stimg.cardekho.com/images/carexteriorimages/630x420/Maruti/S-Presso/10348/Maruti-S-Presso-LXi/1687519307943/front-left-side-47.jpg,Petrol/Diesel,1 - 5 Lakh Maruti S-Presso 350000 25.3 kmpl 998 cc 5 seater Petrol/Diesel,1 5 lakh maruti s presso 350000 25 3 kmpl 998 cc 5 seater petrol diesel,350000.0
1 - 5 Lakh,Maruti Celerio,470000,26.68 kmpl,998 cc,5 seater,https://stat.overdrive.in/wp-content/odgallery/2014/02/15320_IMG_2441.jpg,Petrol/Diesel,1 - 5 Lakh Maruti Celerio 470000 26.68 kmpl 998 cc 5 seater Petrol/Diesel,1 5 lakh maruti celerio 470000 26 68 kmpl 998 cc 5 seater petrol diesel,470000.0
1 - 5 Lakh,Renault KWID,430000,22.3 kmpl,999 cc,5 seater,http://s4.paultan.org/image/2015/05/renault-kwid-1656-e1432116707242.jpg,Petrol/Diesel,1 - 5 Lakh Renault KWID 430000 22.3 kmpl 999 cc 5 seater Petrol/Diesel,1 5 lakh renault kwid 430000 22 3 kmpl 999 cc 5 seater petrol diesel,430000.0
1 - 5 Lakh,Citroen C3,480000,19.3 kmpl,1199 cc,5 seater,https://mediacloud.carbuyer.co.uk/image/private/s--wn2eU5Hm--/v1605173617/autoexpress/2020/11/Citroen+C3+facelift+2020+UK.jpg,Petrol/Diesel,1 - 5 Lakh Citroen C3 480000 19.3 kmpl 1199 cc 5 seater Petrol/Diesel,1 5 lakh citroen c3 480000 19 3 kmpl 1199 cc 5 seater petrol diesel,480000.0
1 - 5 Lakh,Vayve Mobility Eva,325000,250 km,18 kWh,3 seater,https://www.motorindiaonline.in/wp-content/uploads/2025/01/EVA_Bharat-Mobility_2025.jpg,Electric,1 - 5 Lakh Vayve Mobility Eva 325000 250 km 18 kWh 3 seater Electric,1 5 lakh vayve mobility eva 325000 250 km 18 kwh 3 seater electric,325000.0
1 - 5 Lakh,Bajaj Qute,361000,,216 cc,4 seater,https://ic1.maxabout.us/autos/cars_india/N/2019/5/new-bajaj-qute-rear-3-quarter.jpg,Petrol/Diesel,1 - 5 Lakh Bajaj Qute 361000 216 cc 4 seater Petrol/Diesel,1 5 lakh bajaj qute 361000 216 cc 4 seater petrol diesel,361000.0
1 - 5 Lakh,PMV EaS E,479000,160 km,10 kWh,2 seater,https://cdni.autocarindia.com/ExtraImages/20221116022341_PMV+Eas_E_4_.jpg,Electric,1 - 5 Lakh PMV EaS E 479000 160 km 10 kWh 2 seater Electric,1 5 lakh pmv eas e 479000 160 km 10 kwh 2 seater electric,479000.0
1 - 5 Lakh,Maruti Alto Tour H1,400000,24.39 kmpl,998 cc,5 seater,https://images.bhaskarassets.com/web2images/521/2023/06/10/alto-h1_1686382375.jpg,Petrol/Diesel,1 - 5 Lakh Maruti Alto Tour H1 400000 24.39 kmpl 998 cc 5 seater Petrol/Diesel,1 5 lakh maruti alto tour h1 400000 24 39 kmpl 998 cc 5 seater petrol diesel,400000.0
1 - 5 Lakh,Strom Motors R3,450000,200 km,30 kWh,2 seater ,https://www.team-bhp.com/forum/attachments/electric-cars/1750309d1523338436-strom-motors-unveils-strom-r3-electric-car-india-3.jpg,Electric,1 - 5 Lakh Strom Motors R3 450000 200 km 30 kWh 2 seater  Electric,1 5 lakh strom motors r3 450000 200 km 30 kwh 2 seater electric,450000.0
1 - 5 Lakh,Maruti Wagon R tour,499000,25.4 kmpl,998 cc,5 seater,https://stimg.cardekho.com/images/carexteriorimages/930x620/Maruti/Wagon-R-tour/9442/1675922710720/front-left-side-47.jpg,Petrol/Diesel,1 - 5 Lakh Maruti Wagon R tour 499000 25.4 kmpl 998 cc 5 seater Petrol/Diesel,1 5 lakh maruti wagon r tour 499000 25 4 kmpl 998 cc 5 seater petrol diesel,499000.0
5 - 10 Lakh,Hyundai Venue,726000,24.2 kmpl,1493 cc,5 seater,https://imgd.aeplcdn.com/0x0/n/cw/ec/35455/venue-exterior-left-front-three-quarter.jpeg,Petrol/Diesel,5 - 10 Lakh Hyundai Venue 726000 24.2 kmpl 1493 cc 5 seater Petrol/Diesel,5 10 lakh hyundai venue 726000 24 2 kmpl 1493 cc 5 seater petrol diesel,726000.0
5 - 10 Lakh,Tata Nexon,732000,24.08 kmpl,1497 cc,5 seater,https://ic1.maxabout.us/autos/cars_india/N/2020/10/new-tata-nexon-front-3-quarter-view.jpg,Petrol/Diesel,5 - 10 Lakh Tata Nexon 732000 24.08 kmpl 1497 cc 5 seater Petrol/Diesel,5 10 lakh tata nexon 732000 24 08 kmpl 1497 cc 5 seater petrol diesel,732000.0
5 - 10 Lakh,Tata Punch,550000,20.09 kmpl,1199 cc,5 seater,https://images.news18.com/ibnlive/uploads/2022/09/tata-punch-camo-edition-167203463216x9.jpg?impolicy=website&width=1200&height=675,Petrol/Diesel,5 - 10 Lakh Tata Punch 550000 20.09 kmpl 1199 cc 5 seater Petrol/Diesel,5 10 lakh tata punch 550000 20 09 kmpl 1199 cc 5 seater petrol diesel,550000.0
5 - 10 Lakh,Maruti FRONX,685000,22.89 kmpl,1197 cc,5 seater,https://cdni.autocarindia.com/ExtraImages/20230424024934_FRONX_LAUNCH.jpg,Petrol/Diesel,5 - 10 Lakh Maruti FRONX 685000 22.89 kmpl 1197 cc 5 seater Petrol/Diesel,5 10 lakh maruti fronx 685000 22 89 kmpl 1197 cc 5 seater petrol diesel,685000.0
5 - 10 Lakh,Maruti Swift,579000,25.75 kmpl,1197 cc,5 seater,https://motoringworld.in/wp-content/uploads/2023/12/2024-maruti-swift-1.jpg,Petrol/Diesel,5 - 10 Lakh Maruti Swift 579000 25.75 kmpl 1197 cc 5 seater Petrol/Diesel,5 10 lakh maruti swift 579000 25 75 kmpl 1197 cc 5 seater petrol diesel,579000.0
5 - 10 Lakh,Maruti Ertiga,880000.0000000001,20.51 kmpl,1462 cc,7 seater,https://motoringworld.in/wp-content/uploads/2022/04/2022-Maruti-Suzuki-Ertiga.jpg,Petrol/Diesel,5 - 10 Lakh Maruti Ertiga 880000.0000000001 20.51 kmpl 1462 cc 7 seater Petrol/Diesel,5 10 lakh maruti ertiga 880000 0000000001 20 51 kmpl 1462 cc 7 seater petrol diesel,880000.0000000001
5 - 10 Lakh,Mahindra Bolero,799000,16 kmpl,1493 cc,7 seater,https://ic1.maxabout.us/autos/cars_india/N/2020/12/new-mahindra-bolero.jpg,Petrol/Diesel,5 - 10 Lakh Mahindra Bolero 799000 16 kmpl 1493 cc 7 seater Petrol/Diesel,5 10 lakh mahindra bolero 799000 16 kmpl 1493 cc 7 seater petrol diesel,799000.0
5 - 10 Lakh,Mahindra Thar,999000,9 kmpl,2184 cc,4 seater,https://wallpaperaccess.com/full/3939250.jpg,Petrol/Diesel,5 - 10 Lakh Mahindra Thar 999000 9 kmpl 2184 cc 4 seater Petrol/Diesel,5 10 lakh mahindra thar 999000 9 kmpl 2184 cc 4 seater petrol diesel,999000.0
5 - 10 Lakh,Maruti Baleno,599000,22.94 kmpl,1197 cc,5 seater,https://www.autovista.in/assets/img/new_cars_colour_variants/new-baleno-colour-pearl-phoenix-red.jpg,Petrol/Diesel,5 - 10 Lakh Maruti Baleno 599000 22.94 kmpl 1197 cc 5 seater Petrol/Diesel,5 10 lakh maruti baleno 599000 22 94 kmpl 1197 cc 5 seater petrol diesel,599000.0
5 - 10 Lakh,Maruti Dzire,626000,25.71 kmpl,1197 cc,5 seater,https://img.autocarindia.com/model/uploads/modelimages/Maruti-Suzuki-New-Dzire-111120241412.jpg,Petrol/Diesel,5 - 10 Lakh Maruti Dzire 626000 25.71 kmpl 1197 cc 5 seater Petrol/Diesel,5 10 lakh maruti dzire 626000 25 71 kmpl 1197 cc 5 seater petrol diesel,626000.0
5 - 10 Lakh,Maruti Brezza,826000,19.89 kmpl,1462 cc,5 seater,https://imgd.aeplcdn.com/664x374/n/cw/ec/107543/vitara-brezza-2022-exterior-right-front-three-quarter.jpeg?isig=0&q=75,Petrol/Diesel,5 - 10 Lakh Maruti Brezza 826000 19.89 kmpl 1462 cc 5 seater Petrol/Diesel,5 10 lakh maruti brezza 826000 19 89 kmpl 1462 cc 5 seater petrol diesel,826000.0
5 - 10 Lakh,Mahindra XUV 3XO,728000,20.6 kmpl,1498 cc,5 seater,https://www.autobics.com/wp-content/uploads/2024/04/2024-Mahindra-XUV-3XO-Deep-Forest.jpg,Petrol/Diesel,5 - 10 Lakh Mahindra XUV 3XO 728000 20.6 kmpl 1498 cc 5 seater Petrol/Diesel,5 10 lakh mahindra xuv 3xo 728000 20 6 kmpl 1498 cc 5 seater petrol diesel,728000.0
5 - 10 Lakh,Kia Sonet,730000,24.1 kmpl,1493 cc,5 seater,https://cdni.autocarindia.com/Utils/ImageResizer.ashx?n=https://cdni.autocarindia.com/ExtraImages/20200807032911_Kia-Sonet-front-1.jpg&w=700&q=90&c=1,Petrol/Diesel,5 - 10 Lakh Kia Sonet 730000 24.1 kmpl 1493 cc 5 seater Petrol/Diesel,5 10 lakh kia sonet 730000 24 1 kmpl 1493 cc 5 seater petrol diesel,730000.0
5 - 10 Lakh,Maruti Wagon R,499000,25.19 kmpl,1197 cc,5 seater,https://www.autovista.in/assets/product_images/gallery/new-wagonR-side.jpg,Petrol/Diesel,5 - 10 Lakh Maruti Wagon R 499000 25.19 kmpl 1197 cc 5 seater Petrol/Diesel,5 10 lakh maruti wagon r 499000 25 19 kmpl 1197 cc 5 seater petrol diesel,499000.0
5 - 10 Lakh,Tata Tiago,457000,19.01 kmpl,1199 cc,5 seater,https://wallpaperaccess.com/full/9236590.jpg,Petrol/Diesel,5 - 10 Lakh Tata Tiago 457000 19.01 kmpl 1199 cc 5 seater Petrol/Diesel,5 10 lakh tata tiago 457000 19 01 kmpl 1199 cc 5 seater petrol diesel,457000.0
5 - 10 Lakh,Hyundai i20,687000,20 kmpl,1197 cc,5 seater,https://media.autoexpress.co.uk/image/private/s--Pc1jrBMe--/v1612869561/autoexpress/2021/02/Hyundai-i20-front-driving.jpg,Petrol/Diesel,5 - 10 Lakh Hyundai i20 687000 20 kmpl 1197 cc 5 seater Petrol/Diesel,5 10 lakh hyundai i20 687000 20 kmpl 1197 cc 5 seater petrol diesel,687000.0
5 - 10 Lakh,Maruti Alto K10,370000,24.9 kmpl,998 cc,4 seater,https://www.autovista.in/assets/product_images/gallery/altok10_web.jpeg,Petrol/Diesel,5 - 10 Lakh Maruti Alto K10 370000 24.9 kmpl 998 cc 4 seater Petrol/Diesel,5 10 lakh maruti alto k10 370000 24 9 kmpl 998 cc 4 seater petrol diesel,370000.0
5 - 10 Lakh,Tata Altroz,630000,,1497 cc,5 seater,https://www.hdcarwallpapers.com/download/tata_altroz_ev_geneva_edition_2019_4k-1920x1080.jpg,Petrol/Diesel,5 - 10 Lakh Tata Altroz 630000 1497 cc 5 seater Petrol/Diesel,5 10 lakh tata altroz 630000 1497 cc 5 seater petrol diesel,630000.0
5 - 10 Lakh,Skoda Kylaq,755000,19.68 kmpl,999 cc,5 seater,https://static.india.com/wp-content/uploads/2024/11/Skoda-Kylaq-2.jpeg,Petrol/Diesel,5 - 10 Lakh Skoda Kylaq 755000 19.68 kmpl 999 cc 5 seater Petrol/Diesel,5 10 lakh skoda kylaq 755000 19 68 kmpl 999 cc 5 seater petrol diesel,755000.0
5 - 10 Lakh,Hyundai Aura,598000,17 kmpl,1197 cc,5 seater,https://cdni.autocarindia.com/Utils/ImageResizer.ashx?n=https://cdni.autocarindia.com/Galleries/20200121060227_hyundai-aura-4.jpg&w=730&h=484&q=75&c=1,Petrol/Diesel,5 - 10 Lakh Hyundai Aura 598000 17 kmpl 1197 cc 5 seater Petrol/Diesel,5 10 lakh hyundai aura 598000 17 kmpl 1197 cc 5 seater petrol diesel,598000.0
5 - 10 Lakh,Hyundai Exter,568000,19.4 kmpl,1197 cc,5 seater,https://www.hyundai.com/content/dam/hyundai/in/en/data/find-a-car/Exter/Highlights/smallimageexter2_5.jpg,Petrol/Diesel,5 - 10 Lakh Hyundai Exter 568000 19.4 kmpl 1197 cc 5 seater Petrol/Diesel,5 10 lakh hyundai exter 568000 19 4 kmpl 1197 cc 5 seater petrol diesel,568000.0
10 - 15 Lakh,Hyundai Venue,726000,24.2 kmpl,1493 cc,5 seater,https://imgd.aeplcdn.com/0x0/n/cw/ec/35455/venue-exterior-left-front-three-quarter.jpeg,Petrol/Diesel,10 - 15 Lakh Hyundai Venue 726000 24.2 kmpl 1493 cc 5 seater Petrol/Diesel,10 15 lakh hyundai venue 726000 24 2 kmpl 1493 cc 5 seater petrol diesel,726000.0
10 - 15 Lakh,Tata Nexon,732000,24.08 kmpl,1497 cc,5 seater,https://ic1.maxabout.us/autos/cars_india/N/2020/10/new-tata-nexon-front-3-quarter-view.jpg,Petrol/Diesel,10 - 15 Lakh Tata Nexon 732000 24.08 kmpl 1497 cc 5 seater Petrol/Diesel,10 15 lakh tata nexon 732000 24 08 kmpl 1497 cc 5 seater petrol diesel,732000.0
10 - 15 Lakh,Mahindra XUV700,1366000,17 kmpl,2198 cc,7 seater,https://wallpapercave.com/wp/wp9697065.jpg,Petrol/Diesel,10 - 15 Lakh Mahindra XUV700 1366000 17 kmpl 2198 cc 7 seater Petrol/Diesel,10 15 lakh mahindra xuv700 1366000 17 kmpl 2198 cc 7 seater petrol diesel,1366000.0
10 - 15 Lakh,Mahindra Scorpio N,1320000,15.94 kmpl,2198 cc,7 seater,https://www.elcarrocolombiano.com/wp-content/uploads/2022/06/20220628-MAHINDRA-SCORPIO-N-PORTADA.jpg,Petrol/Diesel,10 - 15 Lakh Mahindra Scorpio N 1320000 15.94 kmpl 2198 cc 7 seater Petrol/Diesel,10 15 lakh mahindra scorpio n 1320000 15 94 kmpl 2198 cc 7 seater petrol diesel,1320000.0
10 - 15 Lakh,Maruti FRONX,685000,22.89 kmpl,1197 cc,5 seater,https://cdni.autocarindia.com/ExtraImages/20230424024934_FRONX_LAUNCH.jpg,Petrol/Diesel,10 - 15 Lakh Maruti FRONX 685000 22.89 kmpl 1197 cc 5 seater Petrol/Diesel,10 15 lakh maruti fronx 685000 22 89 kmpl 1197 cc 5 seater petrol diesel,685000.0
10 - 15 Lakh,Hyundai Creta,1073000,21.8 kmpl,1497 cc,5 seater,https://imgd.aeplcdn.com/1280x720/cw/ec/19382/Hyundai-Creta-Right-Front-Three-Quarter-94227.jpg?wm=0&q=100,Petrol/Diesel,10 - 15 Lakh Hyundai Creta 1073000 21.8 kmpl 1497 cc 5 seater Petrol/Diesel,10 15 lakh hyundai creta 1073000 21 8 kmpl 1497 cc 5 seater petrol diesel,1073000.0
10 - 15 Lakh,Maruti Ertiga,880000.0000000001,20.51 kmpl,1462 cc,7 seater,https://cdn.cars24.com/prod/new-car-cms/Maruti-Suzuki/Ertiga/2024/04/01/9c54909b-8c58-40e3-b72b-81205b97bf64-Maruti-Suzuki_Ertiga_Splendid-Silver_1_.png,Petrol/Diesel,10 - 15 Lakh Maruti Ertiga 880000.0000000001 20.51 kmpl 1462 cc 7 seater Petrol/Diesel,10 15 lakh maruti ertiga 880000 0000000001 20 51 kmpl 1462 cc 7 seater petrol diesel,880000.0000000001
10 - 15 Lakh,Mahindra Scorpio,1298000,14.44 kmpl,2184 cc,7 seater,https://content.carlelo.com/uploads/model/mahindra-scorpio-classic-1.webp,Petrol/Diesel,10 - 15 Lakh Mahindra Scorpio 1298000 14.44 kmpl 2184 cc 7 seater Petrol/Diesel,10 15 lakh mahindra scorpio 1298000 14 44 kmpl 2184 cc 7 seater petrol diesel,1298000.0
10 - 15 Lakh,Mahindra Thar,999000,9 kmpl,2184 cc,4 seater,https://cdni.autocarindia.com/ExtraImages/20200816011251_2020-Mahindra-Thar-off-road-action-1.jpg,Petrol/Diesel,10 - 15 Lakh Mahindra Thar 999000 9 kmpl 2184 cc 4 seater Petrol/Diesel,10 15 lakh mahindra thar 999000 9 kmpl 2184 cc 4 seater petrol diesel,999000.0
10 - 15 Lakh,Maruti Brezza,826000,19.89 kmpl,1462 cc,5 seater,https://imgd.aeplcdn.com/664x374/n/cw/ec/107543/vitara-brezza-2022-exterior-right-front-three-quarter.jpeg?isig=0&q=75,Petrol/Diesel,10 - 15 Lakh Maruti Brezza 826000 19.89 kmpl 1462 cc 5 seater Petrol/Diesel,10 15 lakh maruti brezza 826000 19 89 kmpl 1462 cc 5 seater petrol diesel,826000.0
10 - 15 Lakh,Mahindra XUV 3XO,728000,20.6 kmpl,1498 cc,5 seater,https://cdni.autocarindia.com/ExtraImages/20240523034646_3XO+Image+Web.001.jpeg,Petrol/Diesel,10 - 15 Lakh Mahindra XUV 3XO 728000 20.6 kmpl 1498 cc 5 seater Petrol/Diesel,10 15 lakh mahindra xuv 3xo 728000 20 6 kmpl 1498 cc 5 seater petrol diesel,728000.0
10 - 15 Lakh,Kia Sonet,730000,24.1 kmpl,1493 cc,5 seater,https://cdni.autocarindia.com/Utils/ImageResizer.ashx?n=https://cdni.autocarindia.com/ExtraImages/20200807032911_Kia-Sonet-front-1.jpg&w=700&q=90&c=1,Petrol/Diesel,10 - 15 Lakh Kia Sonet 730000 24.1 kmpl 1493 cc 5 seater Petrol/Diesel,10 15 lakh kia sonet 730000 24 1 kmpl 1493 cc 5 seater petrol diesel,730000.0
10 - 15 Lakh,Maruti Grand Vitara,1077000,27.97 kmpl,1490 cc,5 seater,https://cdni.autocarindia.com/ExtraImages/20220926122533_WhatsApp+Image+2022_09_26+at+12.23.25+PM.jpg,Petrol/Diesel,10 - 15 Lakh Maruti Grand Vitara 1077000 27.97 kmpl 1490 cc 5 seater Petrol/Diesel,10 15 lakh maruti grand vitara 1077000 27 97 kmpl 1490 cc 5 seater petrol diesel,1077000.0
10 - 15 Lakh,Maruti Victoris,1050000,28.65 kmpl,1490 cc,5 seater,https://img.autocarindia.com/Galleries/20250903040828_maruti_victoris_front_three_quarter.jpg,Petrol/Diesel,10 - 15 Lakh Maruti Victoris 1050000 28.65 kmpl 1490 cc 5 seater Petrol/Diesel,10 15 lakh maruti victoris 1050000 28 65 kmpl 1490 cc 5 seater petrol diesel,1050000.0
10 - 15 Lakh,Kia Carens,1099000,12.6 kmpl,1497 cc,7 seater,https://www.dubicars.com/images/2b6761/r_960x540/generations/generation_64a31650b50a2_kia-carens-exterior-front-right-angled.webp?6,Petrol/Diesel,10 - 15 Lakh Kia Carens 1099000 12.6 kmpl 1497 cc 7 seater Petrol/Diesel,10 15 lakh kia carens 1099000 12 6 kmpl 1497 cc 7 seater petrol diesel,1099000.0
10 - 15 Lakh,Mahindra Thar ROXX,1225000,15.2 kmpl,2184 cc,5 seater,https://cdni.autocarindia.com/ExtraImages/20240814093627_Mahindra_Thar_Roxx_front_white.png,Petrol/Diesel,10 - 15 Lakh Mahindra Thar ROXX 1225000 15.2 kmpl 2184 cc 5 seater Petrol/Diesel,10 15 lakh mahindra thar roxx 1225000 15 2 kmpl 2184 cc 5 seater petrol diesel,1225000.0
10 - 15 Lakh,Kia Seltos,1079000,20.7 kmpl,1497 cc,5 seater,https://www.kia.com/content/dam/kia2/in/en/our-vehicles/showroom/seltos/KIA_Seltos_KV_1920.jpg,Petrol/Diesel,10 - 15 Lakh Kia Seltos 1079000 20.7 kmpl 1497 cc 5 seater Petrol/Diesel,10 15 lakh kia seltos 1079000 20 7 kmpl 1497 cc 5 seater petrol diesel,1079000.0
10 - 15 Lakh,Hyundai i20,687000,20 kmpl,1197 cc,5 seater,https://media.autoexpress.co.uk/image/private/s--Pc1jrBMe--/v1612869561/autoexpress/2021/02/Hyundai-i20-front-driving.jpg,Petrol/Diesel,10 - 15 Lakh Hyundai i20 687000 20 kmpl 1197 cc 5 seater Petrol/Diesel,10 15 lakh hyundai i20 687000 20 kmpl 1197 cc 5 seater petrol diesel,687000.0
10 - 15 Lakh,Tata Harrier,1400000,16.8 kmpl,1956 cc,5 seater,https://ic1.maxabout.us/autos/cars_india/T/2020/12/tata-harrier-dark-edition-suv.jpg,Petrol/Diesel,10 - 15 Lakh Tata Harrier 1400000 16.8 kmpl 1956 cc 5 seater Petrol/Diesel,10 15 lakh tata harrier 1400000 16 8 kmpl 1956 cc 5 seater petrol diesel,1400000.0
10 - 15 Lakh,Toyota Urban Cruiser Hyryder,1095000,27.97 kmpl,1490 cc,5 seater,https://www.timesbull.com/wp-content/uploads/2025/03/Toyota-Urban-Cruiser-Hyryder-2025.jpg,Petrol/Diesel,10 - 15 Lakh Toyota Urban Cruiser Hyryder 1095000 27.97 kmpl 1490 cc 5 seater Petrol/Diesel,10 15 lakh toyota urban cruiser hyryder 1095000 27 97 kmpl 1490 cc 5 seater petrol diesel,1095000.0
10 - 15 Lakh,Tata Altroz,630000,,1497 cc,5 seater,https://www.hdcarwallpapers.com/download/tata_altroz_ev_geneva_edition_2019_4k-1920x1080.jpg,Petrol/Diesel,10 - 15 Lakh Tata Altroz 630000 1497 cc 5 seater Petrol/Diesel,10 15 lakh tata altroz 630000 1497 cc 5 seater petrol diesel,630000.0
15 - 20 Lakh,Mahindra XUV700,1366000,17 kmpl,2198 cc,7 seater,https://wallpapercave.com/wp/wp9697065.jpg,Petrol/Diesel,15 - 20 Lakh Mahindra XUV700 1366000 17 kmpl 2198 cc 7 seater Petrol/Diesel,15 20 lakh mahindra xuv700 1366000 17 kmpl 2198 cc 7 seater petrol diesel,1366000.0
15 - 20 Lakh,Mahindra Scorpio N,1320000,15.94 kmpl,2198 cc,7 seater,https://www.elcarrocolombiano.com/wp-content/uploads/2022/06/20220628-MAHINDRA-SCORPIO-N-PORTADA.jpg,Petrol/Diesel,15 - 20 Lakh Mahindra Scorpio N 1320000 15.94 kmpl 2198 cc 7 seater Petrol/Diesel,15 20 lakh mahindra scorpio n 1320000 15 94 kmpl 2198 cc 7 seater petrol diesel,1320000.0
15 - 20 Lakh,Hyundai Creta,1073000,21.8 kmpl,1497 cc,5 seater,https://imgd.aeplcdn.com/1280x720/cw/ec/19382/Hyundai-Creta-Right-Front-Three-Quarter-94227.jpg?wm=0&q=100,Petrol/Diesel,15 - 20 Lakh Hyundai Creta 1073000 21.8 kmpl 1497 cc 5 seater Petrol/Diesel,15 20 lakh hyundai creta 1073000 21 8 kmpl 1497 cc 5 seater petrol diesel,1073000.0
15 - 20 Lakh,Mahindra Scorpio,1298000,14.44 kmpl,2184 cc,7 seater,https://content.carlelo.com/uploads/model/mahindra-scorpio-classic-1.webp,Petrol/Diesel,15 - 20 Lakh Mahindra Scorpio 1298000 14.44 kmpl 2184 cc 7 seater Petrol/Diesel,15 20 lakh mahindra scorpio 1298000 14 44 kmpl 2184 cc 7 seater petrol diesel,1298000.0
15 - 20 Lakh,Mahindra Thar,999000,9 kmpl,2184 cc,4 seater,https://wallpaperaccess.com/full/8060677.jpg,Petrol/Diesel,15 - 20 Lakh Mahindra Thar 999000 9 kmpl 2184 cc 4 seater Petrol/Diesel,15 20 lakh mahindra thar 999000 9 kmpl 2184 cc 4 seater petrol diesel,999000.0
15 - 20 Lakh,Toyota Innova Crysta,1866000,9 kmpl,2393 cc,7 seater,https://cdni.autocarindia.com/ExtraImages/20230502013534_Cryta.jpg,Petrol/Diesel,15 - 20 Lakh Toyota Innova Crysta 1866000 9 kmpl 2393 cc 7 seater Petrol/Diesel,15 20 lakh toyota innova crysta 1866000 9 kmpl 2393 cc 7 seater petrol diesel,1866000.0
15 - 20 Lakh,Maruti Grand Vitara,1077000,27.97 kmpl,1490 cc,5 seater,https://cdni.autocarindia.com/ExtraImages/20220926122533_WhatsApp+Image+2022_09_26+at+12.23.25+PM.jpg,Petrol/Diesel,15 - 20 Lakh Maruti Grand Vitara 1077000 27.97 kmpl 1490 cc 5 seater Petrol/Diesel,15 20 lakh maruti grand vitara 1077000 27 97 kmpl 1490 cc 5 seater petrol diesel,1077000.0
15 - 20 Lakh,Mahindra BE 6,1889999.9999999998,683 km,79 kWh,5 seater,https://cdni.autocarindia.com/ExtraImages/20241207034959_Mahindra_BE_6e_name_change.jpg,Electric,15 - 20 Lakh Mahindra BE 6 1889999.9999999998 683 km 79 kWh 5 seater Electric,15 20 lakh mahindra be 6 1889999 9999999998 683 km 79 kwh 5 seater electric,1889999.9999999998
15 - 20 Lakh,Maruti Victoris,1050000,28.65 kmpl,1490 cc,5 seater,https://img.autocarindia.com/Galleries/20250903040828_maruti_victoris_front_three_quarter.jpg,Petrol/Diesel,15 - 20 Lakh Maruti Victoris 1050000 28.65 kmpl 1490 cc 5 seater Petrol/Diesel,15 20 lakh maruti victoris 1050000 28 65 kmpl 1490 cc 5 seater petrol diesel,1050000.0
15 - 20 Lakh,Mahindra Thar ROXX,1225000,15.2 kmpl,2184 cc,5 seater,https://cdni.autocarindia.com/ExtraImages/20240814093627_Mahindra_Thar_Roxx_front_white.png,Petrol/Diesel,15 - 20 Lakh Mahindra Thar ROXX 1225000 15.2 kmpl 2184 cc 5 seater Petrol/Diesel,15 20 lakh mahindra thar roxx 1225000 15 2 kmpl 2184 cc 5 seater petrol diesel,1225000.0
15 - 20 Lakh,Kia Seltos,1079000,20.7 kmpl,1497 cc,5 seater,https://www.kia.com/content/dam/kia2/in/en/our-vehicles/showroom/seltos/x-line/slide-1-mobile.jpg,Petrol/Diesel,15 - 20 Lakh Kia Seltos 1079000 20.7 kmpl 1497 cc 5 seater Petrol/Diesel,15 20 lakh kia seltos 1079000 20 7 kmpl 1497 cc 5 seater petrol diesel,1079000.0
15 - 20 Lakh,Tata Harrier,1400000,16.8 kmpl,1956 cc,5 seater,https://ic1.maxabout.us/autos/cars_india/T/2020/12/tata-harrier-dark-edition-suv.jpg,Petrol/Diesel,15 - 20 Lakh Tata Harrier 1400000 16.8 kmpl 1956 cc 5 seater Petrol/Diesel,15 20 lakh tata harrier 1400000 16 8 kmpl 1956 cc 5 seater petrol diesel,1400000.0
15 - 20 Lakh,Toyota Urban Cruiser Hyryder,1095000,27.97 kmpl,1490 cc,5 seater,https://www.timesbull.com/wp-content/uploads/2025/03/Toyota-Urban-Cruiser-Hyryder-2025.jpg,Petrol/Diesel,15 - 20 Lakh Toyota Urban Cruiser Hyryder 1095000 27.97 kmpl 1490 cc 5 seater Petrol/Diesel,15 20 lakh toyota urban cruiser hyryder 1095000 27 97 kmpl 1490 cc 5 seater petrol diesel,1095000.0
15 - 20 Lakh,Tata Safari,1466000,16.3 kmpl,1956 cc,7 seater,https://imgd.aeplcdn.com/1280x720/n/cw/ec/40027/safari-exterior-right-front-three-quarter-2.jpeg?q=75,Petrol/Diesel,15 - 20 Lakh Tata Safari 1466000 16.3 kmpl 1956 cc 7 seater Petrol/Diesel,15 20 lakh tata safari 1466000 16 3 kmpl 1956 cc 7 seater petrol diesel,1466000.0
15 - 20 Lakh,Hyundai Verna,1069000,20.6 kmpl,1497 cc,5 seater,https://imgd.aeplcdn.com/1056x594/cw/ec/25465/Hyundai-Verna-Exterior-118764.jpg?wm=0&q=80,Petrol/Diesel,15 - 20 Lakh Hyundai Verna 1069000 20.6 kmpl 1497 cc 5 seater Petrol/Diesel,15 20 lakh hyundai verna 1069000 20 6 kmpl 1497 cc 5 seater petrol diesel,1069000.0
15 - 20 Lakh,Volkswagen Virtus,1116000,20.8 kmpl,1498 cc,5 seater,https://images.alphacoders.com/130/1300992.jpg,Petrol/Diesel,15 - 20 Lakh Volkswagen Virtus 1116000 20.8 kmpl 1498 cc 5 seater Petrol/Diesel,15 20 lakh volkswagen virtus 1116000 20 8 kmpl 1498 cc 5 seater petrol diesel,1116000.0
15 - 20 Lakh,Tata Curvv,966000,12 kmpl,1497 cc,5 seater,https://cdni.autocarindia.com/ExtraImages/20240902021839_Tata_Curvv_white.jpg,Petrol/Diesel,15 - 20 Lakh Tata Curvv 966000 12 kmpl 1497 cc 5 seater Petrol/Diesel,15 20 lakh tata curvv 966000 12 kmpl 1497 cc 5 seater petrol diesel,966000.0
15 - 20 Lakh,Skoda Slavia,1000000,20.32 kmpl,1498 cc,5 seater,https://imgd-ct.aeplcdn.com/0x0/n/cw/ec/1/versions/skoda-slavia-anniversary-edition-15l-tsi-dsg1682083562372.jpg?q=75,Petrol/Diesel,15 - 20 Lakh Skoda Slavia 1000000 20.32 kmpl 1498 cc 5 seater Petrol/Diesel,15 20 lakh skoda slavia 1000000 20 32 kmpl 1498 cc 5 seater petrol diesel,1000000.0
15 - 20 Lakh,Toyota Innova Hycross,1816000,23.24 kmpl,1987 cc,7 seater,https://news24online.com/wp-content/uploads/2022/11/innova-1.jpg,Petrol/Diesel,15 - 20 Lakh Toyota Innova Hycross 1816000 23.24 kmpl 1987 cc 7 seater Petrol/Diesel,15 20 lakh toyota innova hycross 1816000 23 24 kmpl 1987 cc 7 seater petrol diesel,1816000.0
15 - 20 Lakh,MG Windsor EV,1265000,449 km,52.9 kWh,5 seater,https://www.timesbull.com/wp-content/uploads/2024/08/MG-Windsor-EV-4-jpg.webp,Electric,15 - 20 Lakh MG Windsor EV 1265000 449 km 52.9 kWh 5 seater Electric,15 20 lakh mg windsor ev 1265000 449 km 52 9 kwh 5 seater electric,1265000.0
15 - 20 Lakh,Honda City,1195000,18.4 kmpl,1498 cc,5 seater,https://evault.honda.com.my/pixelvault/2023-08/956fbf86ac848cc48b5980f4b30ed839fd5d014f22638.jpg,Petrol/Diesel,15 - 20 Lakh Honda City 1195000 18.4 kmpl 1498 cc 5 seater Petrol/Diesel,15 20 lakh honda city 1195000 18 4 kmpl 1498 cc 5 seater petrol diesel,1195000.0
20 - 35 Lakh,Mahindra XUV700,1366000,17 kmpl,2198 cc,6 seater,https://wallpapercave.com/wp/wp9697065.jpg,Petrol/Diesel,20 - 35 Lakh Mahindra XUV700 1366000 17 kmpl 2198 cc 6 seater Petrol/Diesel,20 35 lakh mahindra xuv700 1366000 17 kmpl 2198 cc 6 seater petrol diesel,1366000.0
20 - 35 Lakh,Mahindra Scorpio N,1320000,15.94 kmpl,2198 cc,7 seater,https://www.elcarrocolombiano.com/wp-content/uploads/2022/06/20220628-MAHINDRA-SCORPIO-N-PORTADA.jpg,Petrol/Diesel,20 - 35 Lakh Mahindra Scorpio N 1320000 15.94 kmpl 2198 cc 7 seater Petrol/Diesel,20 35 lakh mahindra scorpio n 1320000 15 94 kmpl 2198 cc 7 seater petrol diesel,1320000.0
20 - 35 Lakh,Hyundai Creta,1073000,21.8 kmpl,1497 cc,5 seater,https://www.hyundai.com/content/dam/hyundai/in/en/data/find-a-car/Creta/Exterior/pc/March/Hyundai_CRETA_SUV_Exterior_Mid_PC_1120x600_5.jpg,Petrol/Diesel,20 - 35 Lakh Hyundai Creta 1073000 21.8 kmpl 1497 cc 5 seater Petrol/Diesel,20 35 lakh hyundai creta 1073000 21 8 kmpl 1497 cc 5 seater petrol diesel,1073000.0
20 - 35 Lakh,Toyota Fortuner,3365000,11 kmpl,2755 cc,7 seater,https://stat.overdrive.in/wp-content/odgallery/2020/06/57194_2020_Toyota_fortuner_2.jpg,Petrol/Diesel,20 - 35 Lakh Toyota Fortuner 3365000 11 kmpl 2755 cc 7 seater Petrol/Diesel,20 35 lakh toyota fortuner 3365000 11 kmpl 2755 cc 7 seater petrol diesel,3365000.0
20 - 35 Lakh,Toyota Innova Crysta,1866000,9 kmpl,2393 cc,7 seater,https://cdni.autocarindia.com/ExtraImages/20230502013534_Cryta.jpg,Petrol/Diesel,20 - 35 Lakh Toyota Innova Crysta 1866000 9 kmpl 2393 cc 7 seater Petrol/Diesel,20 35 lakh toyota innova crysta 1866000 9 kmpl 2393 cc 7 seater petrol diesel,1866000.0
20 - 35 Lakh,Mahindra BE 6,1889999.9999999998,683 km,79 kWh,5 seater,https://cdni.autocarindia.com/ExtraImages/20241207034959_Mahindra_BE_6e_name_change.jpg,Electric,20 - 35 Lakh Mahindra BE 6 1889999.9999999998 683 km 79 kWh 5 seater Electric,20 35 lakh mahindra be 6 1889999 9999999998 683 km 79 kwh 5 seater electric,1889999.9999999998
20 - 35 Lakh,Mahindra Thar ROXX,1225000,15.2 kmpl,2184 cc,5 seater,https://www.rushlane.com/wp-content/uploads/2024/07/mahindra-thar-roxx-colours-variants-specs-6-1536x864.jpg,Petrol/Diesel,20 - 35 Lakh Mahindra Thar ROXX 1225000 15.2 kmpl 2184 cc 5 seater Petrol/Diesel,20 35 lakh mahindra thar roxx 1225000 15 2 kmpl 2184 cc 5 seater petrol diesel,1225000.0
20 - 35 Lakh,Tata Harrier,1400000,16.8 kmpl,1956 cc,5 seater,https://ic1.maxabout.us/autos/cars_india/T/2020/12/tata-harrier-dark-edition-suv.jpg,Petrol/Diesel,20 - 35 Lakh Tata Harrier 1400000 16.8 kmpl 1956 cc 5 seater Petrol/Diesel,20 35 lakh tata harrier 1400000 16 8 kmpl 1956 cc 5 seater petrol diesel,1400000.0
20 - 35 Lakh,Tata Safari,1466000,16.3 kmpl,1956 cc,7 seater,https://imgd.aeplcdn.com/1280x720/n/cw/ec/40027/safari-exterior-right-front-three-quarter-2.jpeg?q=75,Petrol/Diesel,20 - 35 Lakh Tata Safari 1466000 16.3 kmpl 1956 cc 7 seater Petrol/Diesel,20 35 lakh tata safari 1466000 16 3 kmpl 1956 cc 7 seater petrol diesel,1466000.0
20 - 35 Lakh,Toyota Innova Hycross,1816000,23.24 kmpl,1987 cc,8 seater,https://www.financialexpress.com/wp-content/uploads/2022/11/Toyota-Innova-HyCross-1.jpg?w=1024,Petrol/Diesel,20 - 35 Lakh Toyota Innova Hycross 1816000 23.24 kmpl 1987 cc 8 seater Petrol/Diesel,20 35 lakh toyota innova hycross 1816000 23 24 kmpl 1987 cc 8 seater petrol diesel,1816000.0
20 - 35 Lakh,Toyota Hilux,2802000,10 kmpl,2755 cc,5 seater,https://img-ik.cars.co.za/images/2020/9/ToyotaHiluxIntl/tr:n-news_1200x/Hilux03.jpg,Petrol/Diesel,20 - 35 Lakh Toyota Hilux 2802000 10 kmpl 2755 cc 5 seater Petrol/Diesel,20 35 lakh toyota hilux 2802000 10 kmpl 2755 cc 5 seater petrol diesel,2802000.0
20 - 35 Lakh,MG Hector,1400000,15.58 kmpl,1956 cc,5 seater,https://ackodrive-assets.s3.amazonaws.com/media/test_ID6r1WT.jpeg,Petrol/Diesel,20 - 35 Lakh MG Hector 1400000 15.58 kmpl 1956 cc 5 seater Petrol/Diesel,20 35 lakh mg hector 1400000 15 58 kmpl 1956 cc 5 seater petrol diesel,1400000.0
20 - 35 Lakh,Mahindra XEV 9e,2190000,656 km,79 kWh,5 seater,https://cdni.autocarindia.com/ExtraImages/20241126084228_Mahindra_XEV_9e_red.png,Electric,20 - 35 Lakh Mahindra XEV 9e 2190000 656 km 79 kWh 5 seater Electric,20 35 lakh mahindra xev 9e 2190000 656 km 79 kwh 5 seater electric,2190000.0
20 - 35 Lakh,Hyundai Alcazar,1447000,20.4 kmpl,1493 cc,7 seater,https://org1.hyundai.com/content/dam/hyundai/in/en/data/find-a-car/Alcazar/new-images/1120x600_2_gallery+.jpg,Petrol/Diesel,20 - 35 Lakh Hyundai Alcazar 1447000 20.4 kmpl 1493 cc 7 seater Petrol/Diesel,20 35 lakh hyundai alcazar 1447000 20 4 kmpl 1493 cc 7 seater petrol diesel,1447000.0
20 - 35 Lakh,Tata Harrier EV,2149000,627 km,75 kWh,5 seater,https://stimg.cardekho.com/images/carexteriorimages/930x620/Tata/Harrier-EV/9564/1673512586672/side-view-(left)-90.jpg?imwidth=890&impolicy=resize,Electric,20 - 35 Lakh Tata Harrier EV 2149000 627 km 75 kWh 5 seater Electric,20 35 lakh tata harrier ev 2149000 627 km 75 kwh 5 seater electric,2149000.0
20 - 35 Lakh,Force Urbania,2634000,11 kmpl,2596 cc,10 seater,https://i2.ytimg.com/vi/MjSCsYyMfGs/maxresdefault.jpg,Petrol/Diesel,20 - 35 Lakh Force Urbania 2634000 11 kmpl 2596 cc 10 seater Petrol/Diesel,20 35 lakh force urbania 2634000 11 kmpl 2596 cc 10 seater petrol diesel,2634000.0
20 - 35 Lakh,Kia Carens Clavis,1108000,19.54 kmpl,1497 cc,7 seater,https://img.autocarindia.com/Galleries/20250508030629_Kia_Carens_Clavis_Front_Quarter_Static.jpg,Petrol/Diesel,20 - 35 Lakh Kia Carens Clavis 1108000 19.54 kmpl 1497 cc 7 seater Petrol/Diesel,20 35 lakh kia carens clavis 1108000 19 54 kmpl 1497 cc 7 seater petrol diesel,1108000.0
20 - 35 Lakh,Jeep Compass,1773000,17.1 kmpl,1956 cc,5 seater,https://pictures.dealer.com/c/cdjbellevuecllc/1234/be26a8dc2a1149849c118fa2985fde1a.png,Petrol/Diesel,20 - 35 Lakh Jeep Compass 1773000 17.1 kmpl 1956 cc 5 seater Petrol/Diesel,20 35 lakh jeep compass 1773000 17 1 kmpl 1956 cc 5 seater petrol diesel,1773000.0
20 - 35 Lakh,VinFast VF7,2089000,532 km,70 kWh,,https://stimg.cardekho.com/images/carexteriorimages/930x620/VinFast/VF7/11253/1737020630133/front-left-side-47.jpg?imwidth=890&impolicy=resize,Electric,20 - 35 Lakh VinFast VF7 2089000 532 km 70 kWh Electric,20 35 lakh vinfast vf7 2089000 532 km 70 kwh electric,2089000.0
20 - 35 Lakh,Maruti Invicto,2497000,23.24 kmpl,1987 cc,7 seater,https://cdni.autocarindia.com/ExtraImages/20230711052934_maruti_suzuki_invicto.jpg,Petrol/Diesel,20 - 35 Lakh Maruti Invicto 2497000 23.24 kmpl 1987 cc 7 seater Petrol/Diesel,20 35 lakh maruti invicto 2497000 23 24 kmpl 1987 cc 7 seater petrol diesel,2497000.0
20 - 35 Lakh,Hyundai Tucson,2732000,18 kmpl,1999 cc,5 seater,https://www.hdwallpapers.in/download/hyundai_tucson_hybrid_2021_4k_5k_hd_cars_2-HD.jpg,Petrol/Diesel,20 - 35 Lakh Hyundai Tucson 2732000 18 kmpl 1999 cc 5 seater Petrol/Diesel,20 35 lakh hyundai tucson 2732000 18 kmpl 1999 cc 5 seater petrol diesel,2732000.0
35 - 50 Lakh,Toyota Fortuner,3365000,11 kmpl,2755 cc,7 seater,https://cdni.autocarindia.com/Utils/ImageResizer.ashx?n=https://cdni.autocarindia.com/ExtraImages/20210218035907_Fortuner_off_road_tracking_.jpg&h=795&w=1200&c=1,Petrol/Diesel,35 - 50 Lakh Toyota Fortuner 3365000 11 kmpl 2755 cc 7 seater Petrol/Diesel,35 50 lakh toyota fortuner 3365000 11 kmpl 2755 cc 7 seater petrol diesel,3365000.0
35 - 50 Lakh,Toyota Hilux,2802000,10 kmpl,2755 cc,5 seater,https://www.hdcarwallpapers.com/download/toyota_hilux_gr_sport_double_cab_2023_5k-2560x1440.jpg,Petrol/Diesel,35 - 50 Lakh Toyota Hilux 2802000 10 kmpl 2755 cc 5 seater Petrol/Diesel,35 50 lakh toyota hilux 2802000 10 kmpl 2755 cc 5 seater petrol diesel,2802000.0
35 - 50 Lakh,Audi A4,4625000,15 kmpl,1984 cc,5 seater,https://amazingcarsanddrives.com/wp-content/uploads/2024/04/Audi-A4.jpg,Petrol/Diesel,35 - 50 Lakh Audi A4 4625000 15 kmpl 1984 cc 5 seater Petrol/Diesel,35 50 lakh audi a4 4625000 15 kmpl 1984 cc 5 seater petrol diesel,4625000.0
35 - 50 Lakh,Toyota Camry,4748000,25.49 kmpl,2487 cc,5 seater,https://global.toyota/pages/news/images/2017/07/10/1330/cmrh1707_02_s.jpg,Petrol/Diesel,35 - 50 Lakh Toyota Camry 4748000 25.49 kmpl 2487 cc 5 seater Petrol/Diesel,35 50 lakh toyota camry 4748000 25 49 kmpl 2487 cc 5 seater petrol diesel,4748000.0
35 - 50 Lakh,Toyota Fortuner Legender,4154000,10.52 kmpl,2755 cc,7 seater,https://wallpaperaccess.com/full/12703978.png,Petrol/Diesel,35 - 50 Lakh Toyota Fortuner Legender 4154000 10.52 kmpl 2755 cc 7 seater Petrol/Diesel,35 50 lakh toyota fortuner legender 4154000 10 52 kmpl 2755 cc 7 seater petrol diesel,4154000.0
35 - 50 Lakh,Skoda Kodiaq,3999000,14.86 kmpl,1984 cc,5 seater,https://cdn.skoda-storyboard.com/2017/03/Ko_SL_0002.jpg,Petrol/Diesel,35 - 50 Lakh Skoda Kodiaq 3999000 14.86 kmpl 1984 cc 5 seater Petrol/Diesel,35 50 lakh skoda kodiaq 3999000 14 86 kmpl 1984 cc 5 seater petrol diesel,3999000.0
35 - 50 Lakh,Audi Q3,4307000,10.14 kmpl,1984 cc,5 seater,https://images.alphacoders.com/479/479185.jpg,Petrol/Diesel,35 - 50 Lakh Audi Q3 4307000 10.14 kmpl 1984 cc 5 seater Petrol/Diesel,35 50 lakh audi q3 4307000 10 14 kmpl 1984 cc 5 seater petrol diesel,4307000.0
35 - 50 Lakh,MG Gloster,3833000,10 kmpl,1996 cc,7 seater,https://cdni.autocarindia.com/ExtraImages/20201104051048_MG-Gloster-showroom.jpg,Petrol/Diesel,35 - 50 Lakh MG Gloster 3833000 10 kmpl 1996 cc 7 seater Petrol/Diesel,35 50 lakh mg gloster 3833000 10 kmpl 1996 cc 7 seater petrol diesel,3833000.0
35 - 50 Lakh,Jeep Meridian,2333000,14.1 kmpl,1956 cc,7 seater,https://media.zigcdn.com/media/model/2022/May/rear-3-4-right-1891290082_930x620.jpg,Petrol/Diesel,35 - 50 Lakh Jeep Meridian 2333000 14.1 kmpl 1956 cc 7 seater Petrol/Diesel,35 50 lakh jeep meridian 2333000 14 1 kmpl 1956 cc 7 seater petrol diesel,2333000.0
35 - 50 Lakh,Skoda Octavia RS,4999000,,1984 cc,5 seater,https://cdni.autocarindia.com/ExtraImages/20250228123250_Skoda_Octavia_RS_Front_Quarter_Tracking_1.jpg,Petrol/Diesel,35 - 50 Lakh Skoda Octavia RS 4999000 1984 cc 5 seater Petrol/Diesel,35 50 lakh skoda octavia rs 4999000 1984 cc 5 seater petrol diesel,4999000.0
35 - 50 Lakh,Volvo EX30,3999000,480 km,69 kWh,5 seater,https://wizz.volvocars.com/images/2024/416/202402/exterior/studio/threeQuartersFrontLeft/exterior-studio-threeQuartersFrontLeft_aaa44cfab0501b6851f9f46177e4fd902203b562.png?client=pdps&w=1920,Electric,35 - 50 Lakh Volvo EX30 3999000 480 km 69 kWh 5 seater Electric,35 50 lakh volvo ex30 3999000 480 km 69 kwh 5 seater electric,3999000.0
35 - 50 Lakh,BYD Sealion 7,4890000,567 km,82.56 kWh,5 seater,https://paultan.org/image/2024/11/BYD-Sealion-7-lead.jpg,Electric,35 - 50 Lakh BYD Sealion 7 4890000 567 km 82.56 kWh 5 seater Electric,35 50 lakh byd sealion 7 4890000 567 km 82 56 kwh 5 seater electric,4890000.0
35 - 50 Lakh,BYD Seal,4100000,650 km,82.56 kWh,5 seater,https://media.zigcdn.com/media/model/2024/Mar/front-1-4-left-1813831453_930x620.jpg,Electric,35 - 50 Lakh BYD Seal 4100000 650 km 82.56 kWh 5 seater Electric,35 50 lakh byd seal 4100000 650 km 82 56 kwh 5 seater electric,4100000.0
35 - 50 Lakh,BMW iX1,4990000,531 km,66.4 kWh,5 seater,https://d1ek71enupal89.cloudfront.net/images/blocks_png/BMW/IX1/5DR/23BmwiX1230kWxDri30MSpo5drBluFR2_800.jpg,Electric,35 - 50 Lakh BMW iX1 4990000 531 km 66.4 kWh 5 seater Electric,35 50 lakh bmw ix1 4990000 531 km 66 4 kwh 5 seater electric,4990000.0
35 - 50 Lakh,BMW 2 Series Gran Coupe,4530000,16.35 kmpl,1499 cc,5 seater,https://www.autodata1.com/media/bmw/pics/bmw-2-series-gran-coupe-f44-[32429].jpg,Petrol/Diesel,35 - 50 Lakh BMW 2 Series Gran Coupe 4530000 16.35 kmpl 1499 cc 5 seater Petrol/Diesel,35 50 lakh bmw 2 series gran coupe 4530000 16 35 kmpl 1499 cc 5 seater petrol diesel,4530000.0
35 - 50 Lakh,Volkswagen Tiguan R-Line,4573000,12.58 kmpl,1984 cc,5 seater,https://www.topgear.com/sites/default/files/images/cars-road-test/carousel/2016/08/22c5ad8a8d151aee4208b94487452921/vw_7771.jpg,Petrol/Diesel,35 - 50 Lakh Volkswagen Tiguan R-Line 4573000 12.58 kmpl 1984 cc 5 seater Petrol/Diesel,35 50 lakh volkswagen tiguan r line 4573000 12 58 kmpl 1984 cc 5 seater petrol diesel,4573000.0
35 - 50 Lakh,Mercedes-Benz GLA,4970000,18.9 kmpl,1950 cc,5 seater,http://images.cdn.autocar.co.uk/sites/autocar.co.uk/files/Mercedes_GLA_STU_002222.jpg,Petrol/Diesel,35 - 50 Lakh Mercedes-Benz GLA 4970000 18.9 kmpl 1950 cc 5 seater Petrol/Diesel,35 50 lakh mercedes benz gla 4970000 18 9 kmpl 1950 cc 5 seater petrol diesel,4970000.0
35 - 50 Lakh,Isuzu MU-X,3453000,13 kmpl,1898 cc,7 seater,https://images.carexpert.com.au/resize/3000/-/app/uploads/2022/10/2023-Isuzu-MU-X-3x2-EDIT-04.jpg,Petrol/Diesel,35 - 50 Lakh Isuzu MU-X 3453000 13 kmpl 1898 cc 7 seater Petrol/Diesel,35 50 lakh isuzu mu x 3453000 13 kmpl 1898 cc 7 seater petrol diesel,3453000.0
35 - 50 Lakh,Citroen C5 Aircross,3732000,17.5 kmpl,1997 cc,5 seater,https://www.autocar.co.uk/sites/autocar.co.uk/files/images/car-reviews/first-drives/legacy/99-citroen-c5-aircross-2022-facelift-official-images-tracking-front.jpg,Petrol/Diesel,35 - 50 Lakh Citroen C5 Aircross 3732000 17.5 kmpl 1997 cc 5 seater Petrol/Diesel,35 50 lakh citroen c5 aircross 3732000 17 5 kmpl 1997 cc 5 seater petrol diesel,3732000.0
35 - 50 Lakh,Mini Cooper 3 DOOR,4270000,17.33 kmpl,1998 cc,4 seater,https://www.autocar.co.uk/sites/autocar.co.uk/files/styles/gallery_slide/public/mini-cooper-s-rt-015.JPG?itok=UDjXMHMw,Petrol/Diesel,35 - 50 Lakh Mini Cooper 3 DOOR 4270000 17.33 kmpl 1998 cc 4 seater Petrol/Diesel,35 50 lakh mini cooper 3 door 4270000 17 33 kmpl 1998 cc 4 seater petrol diesel,4270000.0
35 - 50 Lakh,Mini Cooper S,4370000,15 kmpl,1998 cc,5 seater,http://images.cdn.autocar.co.uk/sites/autocar.co.uk/files/mini-cooper-s-rt-015_0.JPG,Petrol/Diesel,35 - 50 Lakh Mini Cooper S 4370000 15 kmpl 1998 cc 5 seater Petrol/Diesel,35 50 lakh mini cooper s 4370000 15 kmpl 1998 cc 5 seater petrol diesel,4370000.0
50 Lakh - 1 Crore,Defender,9800000,14.01 kmpl,5000 cc,7 seater,https://www.hdwallpapers.in/download/land_rover_defender_90_p400_x_2020_4k_hd_cars-3840x2160.jpg,Petrol/Diesel,50 Lakh - 1 Crore Defender 9800000 14.01 kmpl 5000 cc 7 seater Petrol/Diesel,50 lakh 1 crore defender 9800000 14 01 kmpl 5000 cc 7 seater petrol diesel,9800000.0
50 Lakh - 1 Crore,Kia Carnival,5942000,14.85 kmpl,2151 cc,7 seater,https://images.topgear.com.ph/topgear/images/2023/11/03/1-1698990815.jpg,Petrol/Diesel,50 Lakh - 1 Crore Kia Carnival 5942000 14.85 kmpl 2151 cc 7 seater Petrol/Diesel,50 lakh 1 crore kia carnival 5942000 14 85 kmpl 2151 cc 7 seater petrol diesel,5942000.0
50 Lakh - 1 Crore,Audi A4,4625000,15 kmpl,1984 cc,5 seater,https://amazingcarsanddrives.com/wp-content/uploads/2024/04/Audi-A4.jpg,Petrol/Diesel,50 Lakh - 1 Crore Audi A4 4625000 15 kmpl 1984 cc 5 seater Petrol/Diesel,50 lakh 1 crore audi a4 4625000 15 kmpl 1984 cc 5 seater petrol diesel,4625000.0
50 Lakh - 1 Crore,MG Cyberster,7500000,580 km,77 kWh,2 seater,https://news.mgmotor.eu/wp-content/uploads/2023/06/MG-Cyberster-Front.jpg,Electric,50 Lakh - 1 Crore MG Cyberster 7500000 580 km 77 kWh 2 seater Electric,50 lakh 1 crore mg cyberster 7500000 580 km 77 kwh 2 seater electric,7500000.0
50 Lakh - 1 Crore,Range Rover Velar,8390000,15.8 kmpl,1997 cc,5 seater,https://www.hdcarwallpapers.com/walls/range_rover_velar_r_dynamic_p400e_2020_4k_2-HD.jpg,Petrol/Diesel,50 Lakh - 1 Crore Range Rover Velar 8390000 15.8 kmpl 1997 cc 5 seater Petrol/Diesel,50 lakh 1 crore range rover velar 8390000 15 8 kmpl 1997 cc 5 seater petrol diesel,8390000.0
50 Lakh - 1 Crore,BMW X1,5060000,20.37 kmpl,1995 cc,5 seater,https://www.hdcarwallpapers.com/walls/bmw_x1_sdrive20i_m_sport_25_anos_2020_4k_3-HD.jpg,Petrol/Diesel,50 Lakh - 1 Crore BMW X1 5060000 20.37 kmpl 1995 cc 5 seater Petrol/Diesel,50 lakh 1 crore bmw x1 5060000 20 37 kmpl 1995 cc 5 seater petrol diesel,5060000.0
50 Lakh - 1 Crore,BMW X5,9370000,12 kmpl,2998 cc,5 seater,https://www.hdcarwallpapers.com/walls/bmw_x5_xdrive40i_2018_4k-HD.jpg,Petrol/Diesel,50 Lakh - 1 Crore BMW X5 9370000 12 kmpl 2998 cc 5 seater Petrol/Diesel,50 lakh 1 crore bmw x5 9370000 12 kmpl 2998 cc 5 seater petrol diesel,9370000.0
50 Lakh - 1 Crore,Audi Q7,8614000,11 kmpl,2995 cc,7 seater,https://images5.alphacoders.com/102/1024895.jpg,Petrol/Diesel,50 Lakh - 1 Crore Audi Q7 8614000 11 kmpl 2995 cc 7 seater Petrol/Diesel,50 lakh 1 crore audi q7 8614000 11 kmpl 2995 cc 7 seater petrol diesel,8614000.0
50 Lakh - 1 Crore,BMW 5 Series,7234999.999999999,10.9 kmpl,1998 cc,5 seater,https://www.carscoops.com/wp-content/uploads/2020/05/2021-BMW-5-Series-Sedan-Touring-02.jpg,Petrol/Diesel,50 Lakh - 1 Crore BMW 5 Series 7234999.999999999 10.9 kmpl 1998 cc 5 seater Petrol/Diesel,50 lakh 1 crore bmw 5 series 7234999 999999999 10 9 kmpl 1998 cc 5 seater petrol diesel,7234999.999999999
50 Lakh - 1 Crore,Volvo XC90,9697000,12.35 kmpl,1969 cc,7 seater,https://www.topgear.com/sites/default/files/2023/03/1+Volvo+XC90.jpg,Petrol/Diesel,50 Lakh - 1 Crore Volvo XC90 9697000 12.35 kmpl 1969 cc 7 seater Petrol/Diesel,50 lakh 1 crore volvo xc90 9697000 12 35 kmpl 1969 cc 7 seater petrol diesel,9697000.0
50 Lakh - 1 Crore,Audi Q3,4307000,10.14 kmpl,1984 cc,5 seater,https://images.alphacoders.com/479/479185.jpg,Petrol/Diesel,50 Lakh - 1 Crore Audi Q3 4307000 10.14 kmpl 1984 cc 5 seater Petrol/Diesel,50 lakh 1 crore audi q3 4307000 10 14 kmpl 1984 cc 5 seater petrol diesel,4307000.0
50 Lakh - 1 Crore,MG M9,6990000.000000001,548 km,90 kWh,7 seater,https://imgd.aeplcdn.com/1056x594/n/cw/ec/196061/m9-ev-exterior-front-view.jpeg?isig=0&q=80&wm=1,Electric,50 Lakh - 1 Crore MG M9 6990000.000000001 548 km 90 kWh 7 seater Electric,50 lakh 1 crore mg m9 6990000 000000001 548 km 90 kwh 7 seater electric,6990000.000000001
50 Lakh - 1 Crore,BMW Z4,8790000,8.5 kmpl,2998 cc,2 seater,https://s1.cdn.autoevolution.com/images/news/gallery/2020-bmw-z4-roadster-shows-stunning-details-in-new-photo-shoot_5.jpg,Petrol/Diesel,50 Lakh - 1 Crore BMW Z4 8790000 8.5 kmpl 2998 cc 2 seater Petrol/Diesel,50 lakh 1 crore bmw z4 8790000 8 5 kmpl 2998 cc 2 seater petrol diesel,8790000.0
50 Lakh - 1 Crore,BMW X3,7120000,17.86 kmpl,1998 cc,5 seater,https://media.ed.edmunds-media.com/bmw/x3/2022/oem/2022_bmw_x3_4dr-suv_xdrive30i_fq_oem_1_1280.jpg,Petrol/Diesel,50 Lakh - 1 Crore BMW X3 7120000 17.86 kmpl 1998 cc 5 seater Petrol/Diesel,50 lakh 1 crore bmw x3 7120000 17 86 kmpl 1998 cc 5 seater petrol diesel,7120000.0
50 Lakh - 1 Crore,Mercedes-Benz C-Class,5865000,23 kmpl,1999 cc,5 seater,https://www.topgear.com/sites/default/files/2021/11/Mercedes_C300D_0000.jpg,Petrol/Diesel,50 Lakh - 1 Crore Mercedes-Benz C-Class 5865000 23 kmpl 1999 cc 5 seater Petrol/Diesel,50 lakh 1 crore mercedes benz c class 5865000 23 kmpl 1999 cc 5 seater petrol diesel,5865000.0
50 Lakh - 1 Crore,Mercedes-Benz GLC,7395000,19.4 kmpl,1999 cc,5 seater,https://www.carscoops.com/wp-content/uploads/2019/09/acc0048b-2020-mercedes-benz-glc-suv-coupe-australia-0.jpg,Petrol/Diesel,50 Lakh - 1 Crore Mercedes-Benz GLC 7395000 19.4 kmpl 1999 cc 5 seater Petrol/Diesel,50 lakh 1 crore mercedes benz glc 7395000 19 4 kmpl 1999 cc 5 seater petrol diesel,7395000.0
50 Lakh - 1 Crore,Jeep Wrangler,6408000,11.4 kmpl,1995 cc,5 seater,https://media.ed.edmunds-media.com/jeep/wrangler/2024/oem/2024_jeep_wrangler_convertible-suv_rubicon-392-final-edition_fq_oem_1_1600.jpg,Petrol/Diesel,50 Lakh - 1 Crore Jeep Wrangler 6408000 11.4 kmpl 1995 cc 5 seater Petrol/Diesel,50 lakh 1 crore jeep wrangler 6408000 11 4 kmpl 1995 cc 5 seater petrol diesel,6408000.0
50 Lakh - 1 Crore,BMW 3 Series,7284999.999999999,13.02 kmpl,2998 cc,5 seater,https://i.gaw.to/vehicles/photos/34/43/344397-2020-bmw-3-series.jpg,Petrol/Diesel,50 Lakh - 1 Crore BMW 3 Series 7284999.999999999 13.02 kmpl 2998 cc 5 seater Petrol/Diesel,50 lakh 1 crore bmw 3 series 7284999 999999999 13 02 kmpl 2998 cc 5 seater petrol diesel,7284999.999999999
50 Lakh - 1 Crore,Audi A6,6374000,14.11 kmpl,1984 cc,5 seater,https://media.ed.edmunds-media.com/audi/a6/2022/oem/2022_audi_a6_sedan_prestige_fq_oem_1_1280.jpg,Petrol/Diesel,50 Lakh - 1 Crore Audi A6 6374000 14.11 kmpl 1984 cc 5 seater Petrol/Diesel,50 lakh 1 crore audi a6 6374000 14 11 kmpl 1984 cc 5 seater petrol diesel,6374000.0
50 Lakh - 1 Crore,Kia EV6,6597000,663 km,84 kWh,5 seater,https://www.kia.com/content/dam/kia/us/en/vehicles/ev6/2023/mep/in-page-gallery/kia_EV6_2023_asset-carousel-5.jpg,Electric,50 Lakh - 1 Crore Kia EV6 6597000 663 km 84 kWh 5 seater Electric,50 lakh 1 crore kia ev6 6597000 663 km 84 kwh 5 seater electric,6597000.0
50 Lakh - 1 Crore,Range Rover Evoque,6486000,12.82 kmpl,1997 cc,5 seater,https://www.hdcarwallpapers.com/walls/range_rover_evoque_p300e_s_2020_4k_4-HD.jpg,Petrol/Diesel,50 Lakh - 1 Crore Range Rover Evoque 6486000 12.82 kmpl 1997 cc 5 seater Petrol/Diesel,50 lakh 1 crore range rover evoque 6486000 12 82 kmpl 1997 cc 5 seater petrol diesel,6486000.0
Above 1 Crore,Defender,9800000,14.01 kmpl,5000 cc,6 seater,https://www.hdcarwallpapers.com/download/land_rover_defender_90_p400_x_2020_4k-2560x1440.jpg,Petrol/Diesel,Above 1 Crore Defender 9800000 14.01 kmpl 5000 cc 6 seater Petrol/Diesel,above 1 crore defender 9800000 14 01 kmpl 5000 cc 6 seater petrol diesel,9800000.0
Above 1 Crore,Range Rover,231000,13.16 kmpl,4395 cc,5 seater,https://www.carstudiomohali.com/wp-content/uploads/2023/11/Range-Rover-Price-in-India.jpg,Petrol/Diesel,Above 1 Crore Range Rover 231000 13.16 kmpl 4395 cc 5 seater Petrol/Diesel,above 1 crore range rover 231000 13 16 kmpl 4395 cc 5 seater petrol diesel,231000.0
Above 1 Crore,BMW M5,200999.99999999997,49.75 kmpl,4395 cc,5 seater,https://www.hdcarwallpapers.com/download/2018_bmw_m5-1920x1080.jpg,Petrol/Diesel,Above 1 Crore BMW M5 200999.99999999997 49.75 kmpl 4395 cc 5 seater Petrol/Diesel,above 1 crore bmw m5 200999 99999999997 49 75 kmpl 4395 cc 5 seater petrol diesel,200999.99999999997
Above 1 Crore,Toyota Land Cruiser 300,216000,11 kmpl,3346 cc,5 seater,https://images2.alphacoders.com/116/1162012.jpg,Petrol/Diesel,Above 1 Crore Toyota Land Cruiser 300 216000 11 kmpl 3346 cc 5 seater Petrol/Diesel,above 1 crore toyota land cruiser 300 216000 11 kmpl 3346 cc 5 seater petrol diesel,216000.0
Above 1 Crore,Toyota Vellfire,120000,16 kmpl,2487 cc,7 seater,https://imgk.timesnownews.com/story/Toyota_Vellfire_lead.jpg,Petrol/Diesel,Above 1 Crore Toyota Vellfire 120000 16 kmpl 2487 cc 7 seater Petrol/Diesel,above 1 crore toyota vellfire 120000 16 kmpl 2487 cc 7 seater petrol diesel,120000.0
Above 1 Crore,Mercedes-Benz GLS,132000,12 kmpl,2999 cc,7 seater,https://paultan.org/image/2019/04/X167-Mercedes-Benz-GLS-1-e1555567426205.jpg,Petrol/Diesel,Above 1 Crore Mercedes-Benz GLS 132000 12 kmpl 2999 cc 7 seater Petrol/Diesel,above 1 crore mercedes benz gls 132000 12 kmpl 2999 cc 7 seater petrol diesel,132000.0
Above 1 Crore,Lamborghini Urus,418000,5.5 kmpl,3999 cc,5 seater,https://www.hdcarwallpapers.com/walls/mansory_lamborghini_urus_2020_5k-HD.jpg,Petrol/Diesel,Above 1 Crore Lamborghini Urus 418000 5.5 kmpl 3999 cc 5 seater Petrol/Diesel,above 1 crore lamborghini urus 418000 5 5 kmpl 3999 cc 5 seater petrol diesel,418000.0
Above 1 Crore,BMW X7,125000,14.31 kmpl,2998 cc,6 seater,https://www.hdcarwallpapers.com/download/bmw_x7_m60i_xdrive_2022_5k_2-2560x1440.jpg,Petrol/Diesel,Above 1 Crore BMW X7 125000 14.31 kmpl 2998 cc 6 seater Petrol/Diesel,above 1 crore bmw x7 125000 14 31 kmpl 2998 cc 6 seater petrol diesel,125000.0
Above 1 Crore,BMW X5,9370000,12 kmpl,2998 cc,5 seater,https://www.hdcarwallpapers.com/walls/bmw_x5_xdrive40i_2018_4k-HD.jpg,Petrol/Diesel,Above 1 Crore BMW X5 9370000 12 kmpl 2998 cc 5 seater Petrol/Diesel,above 1 crore bmw x5 9370000 12 kmpl 2998 cc 5 seater petrol diesel,9370000.0
Above 1 Crore,Porsche 911,200000,10.64 kmpl,3996 cc,4 seater,https://www.hdcarwallpapers.com/walls/porsche_911_carrera_4s_2019_4k_11-HD.jpg,Petrol/Diesel,Above 1 Crore Porsche 911 200000 10.64 kmpl 3996 cc 4 seater Petrol/Diesel,above 1 crore porsche 911 200000 10 64 kmpl 3996 cc 4 seater petrol diesel,200000.0
Above 1 Crore,Range Rover Sport,138000,,4395 cc,5 seater,https://wallpaperaccess.com/full/2103870.jpg,Petrol/Diesel,Above 1 Crore Range Rover Sport 138000 4395 cc 5 seater Petrol/Diesel,above 1 crore range rover sport 138000 4395 cc 5 seater petrol diesel,138000.0
Above 1 Crore,BMW M2,100000,10.19 kmpl,2993 cc,4 seater,http://luxurycarmagazine-28b0.kxcdn.com/wp-content/uploads/2019/11/2020-BMW-M2-CS-Coupe-14868.jpg,Petrol/Diesel,Above 1 Crore BMW M2 100000 10.19 kmpl 2993 cc 4 seater Petrol/Diesel,above 1 crore bmw m2 100000 10 19 kmpl 2993 cc 4 seater petrol diesel,100000.0
Above 1 Crore,Porsche Cayenne,139000,10.8 kmpl,2894 cc,4 seater,https://www.hdwallpapers.in/download/porsche_cayenne_turbo_s_e_hybrid_coupe_2020_4k_hd_cars-HD.jpg,Petrol/Diesel,Above 1 Crore Porsche Cayenne 139000 10.8 kmpl 2894 cc 4 seater Petrol/Diesel,above 1 crore porsche cayenne 139000 10 8 kmpl 2894 cc 4 seater petrol diesel,139000.0
Above 1 Crore,Mercedes-Benz S-Class,178000,18 kmpl,2999 cc,5 seater,https://parkers-images.bauersecure.com/gallery-image/pagefiles/317963/1752x1168/mercedes_sclass_050.jpg,Petrol/Diesel,Above 1 Crore Mercedes-Benz S-Class 178000 18 kmpl 2999 cc 5 seater Petrol/Diesel,above 1 crore mercedes benz s class 178000 18 kmpl 2999 cc 5 seater petrol diesel,178000.0
Above 1 Crore,Rolls-Royce Phantom,899000,9.8 kmpl,6749 cc,5 seater,https://car-images.bauersecure.com/wp-images/157305/phantom_030.jpg,Petrol/Diesel,Above 1 Crore Rolls-Royce Phantom 899000 9.8 kmpl 6749 cc 5 seater Petrol/Diesel,above 1 crore rolls royce phantom 899000 9 8 kmpl 6749 cc 5 seater petrol diesel,899000.0
Above 1 Crore,Land Rover Discovery,125000,12.37 kmpl,2997 cc,7 seater,https://media.cdn-jaguarlandrover.com/api/v2/images/96716/w/1600.jpg,Petrol/Diesel,Above 1 Crore Land Rover Discovery 125000 12.37 kmpl 2997 cc 7 seater Petrol/Diesel,above 1 crore land rover discovery 125000 12 37 kmpl 2997 cc 7 seater petrol diesel,125000.0
Above 1 Crore,BMW M4 Competition,152000,9.7 kmpl,2993 cc,4 seater,https://www.hdcarwallpapers.com/download/bmw_m4_competition_2020_4k-3840x2160.jpg,Petrol/Diesel,Above 1 Crore BMW M4 Competition 152000 9.7 kmpl 2993 cc 4 seater Petrol/Diesel,above 1 crore bmw m4 competition 152000 9 7 kmpl 2993 cc 4 seater petrol diesel,152000.0
Above 1 Crore,Mercedes-Benz Maybach GLS,317000,10 kmpl,3982 cc,5 seater,https://media.ed.edmunds-media.com/mercedes-benz/maybach-gls/2021/oem/2021_mercedes-benz_maybach-gls_4dr-suv_gls-600_fq_oem_1_1280.jpg,Petrol/Diesel,Above 1 Crore Mercedes-Benz Maybach GLS 317000 10 kmpl 3982 cc 5 seater Petrol/Diesel,above 1 crore mercedes benz maybach gls 317000 10 kmpl 3982 cc 5 seater petrol diesel,317000.0
Above 1 Crore,BMW XM,254999.99999999997,61.9 kmpl,4395 cc,5 seater,https://images.carexpert.com.au/resize/3000/-/app/uploads/2022/09/2023-bmw-xm-54.jpg,Petrol/Diesel,Above 1 Crore BMW XM 254999.99999999997 61.9 kmpl 4395 cc 5 seater Petrol/Diesel,above 1 crore bmw xm 254999 99999999997 61 9 kmpl 4395 cc 5 seater petrol diesel,254999.99999999997
Above 1 Crore,BMW M8 Coupe Competition,238000,8.7 kmpl,4395 cc,5 seater,https://www.bmw.in/content/dam/bmw/marketIN/bmw_in/all-models/m-series/M8-competition/m8-competition-coupe-header.jpg,Petrol/Diesel,Above 1 Crore BMW M8 Coupe Competition 238000 8.7 kmpl 4395 cc 5 seater Petrol/Diesel,above 1 crore bmw m8 coupe competition 238000 8 7 kmpl 4395 cc 5 seater petrol diesel,238000.0
Above 1 Crore,Mercedes-Benz GLE,9615000,16 kmpl,2999 cc,5 seater,https://www.hdcarwallpapers.com/walls/mercedes_benz_gle_450_4matic_amg_line_2019_4k-HD.jpg,Petrol/Diesel,Above 1 Crore Mercedes-Benz GLE 9615000 16 kmpl 2999 cc 5 seater Petrol/Diesel,above 1 crore mercedes benz gle 9615000 16 kmpl 2999 cc 5 seater petrol diesel,9615000.0
